nombre_articulo,precio,calificacion_promedio,cantidad_calificaciones,descripcion,enlace_articulo
"Shure Mv7+-W Micrófono Dinámico Conexión Usb/xlr, White Color Color Blanco",1650000,5.0,3,Recomendado para  doblaje. | Formato:estudio. | Frecuencia mínima: 20Hz. | Elemento indispensable para tu estudio de grabación. | Frecuencia máxima: 20 MHz.,https://click1.mercadolibre.com.co/mclics/clicks/external/mco/count?a=esihxoquby%2fkyp3bmmvequ78efe6yvl82ze9xhaycmtdnauzgy0bpfypky9ga7uqpf521wiaxajsydh77ftfylfifcwx601kgx11spatkzljcfpuvajgdy6gynqtbrhcozg4u4wpciq%2b6wx56aib6ppytiufkw30tlx2rydibkh%2bzjs0dnbggcyf5anw49u0lzj8wdatpopcyi8%2bf7tjpfnck8qon20uur%2buekuhlv0wmlgctqjxj0ft9d4oicgzlvezyudnz5pjhdbcm4jihenhlxmariedfx7rr0k7pxsr%2f9nyijnx1xtlwhg85iicrcfqgf2ixud7dmffhjcfjiyjzewzy%2bjjebtwrgn%2bat66ji%2b8oa8m2c%2fkb8yk%2fjrci%2fu2ibfmthqwt6rc%2fnpegjh%2flztgyytaspfklbwcok2wz%2bhnlsb5awclha%2blp%2fqjptterzhe8s3ii745hbgbol4iv%2b4o0pznejl86llc2cj%2fotu%2f7ymbbruzovajlp%2b0e%2buhgswgonessbl77wt0kelthf7zlmxa%2flqpvjslpgzhatji4p9amibduvo4eixqizibdw1ropmeksq8dy4j2iay2xzbcsxas%2fisjmi46%2b2nzu74mjaqhycbj2i8yqbezfhnb9a5hyygp4halcxa0fapghnev%2bdbxoukwl6dr1zhpsa%2bch%2f%2b8bd89u%2f9ofqhxyca5ejzvzecktmtvgyicr6b2vgrg3ttpuyr15qe0hxerzim2yyyuxu6nbwr3sdiql5yznfyqf7w9us4dgnztt3vi0isca%2ffc2adlderip67dnnjndhqekequexiu7dnfrs5tx9r%2beoobec8pgcprp1y0fmittqp%2bctxlh%2frsaqnmfd2q9r%2bp%2bmuilt1kkmvpifoy%2fuorlvsos92mtme1%2behpudfrrknhx7kccjkevj%2bbob3ux5v2ujpqnlhhga7lnmofgnq5pfacl55ndsg
Micrófono Shure MV7+ USB Color Negro,97100,5.0,9,Formato:estudio. | Frecuencia mínima: 50Hz. | Elemento indispensable para tu estudio de grabación. | Fácil conectividad. | Aislamiento de Voz. | Salida para auriculares. | Frecuencia máxima: 16 kHz.,https://click1.mercadolibre.com.co/mclics/clicks/external/mco/count?a=xmgf%2fdrbry8q2z8ih0mobtpmy6walb%2fe2ddabaewhwdrzwtee5nhanclex7hoy%2b6dp%2bnanqpqdo79bvaa109wd8nwy7txhmxm%2bo5esdozwnen%2bmx1xbfg10movvfuv6ki3pf%2fiv655boxuzckdvrfbnbuoswf8coxojjr1rplpqi0bnzg67dvk0wmoxq%2b98waggpbnjzhhpythqattm18fpfkbcad%2fnis%2btfw3ln1tyym5vheldniuhb5xfaiifhyafxolikfdueys8f6srmdqtq1fxrijyteyahgr6pwchit2ytfnccq34yeomh7oog3bymtsu8hwtlehgdfhb%2b4vbb1wxxhtevcubpgl7vx0gnbbz9mejoryczqj88jt%2fjjaobah9sp%2ffki8n4ky5bmpmpfut3rxlpqvmo9e%2bqgiplj8s7oltpm6pxoxdhlrtaiswsixqjwtip9iyy%2f26cydcmbc1v6jd4kkdhwo7ukqi1c1kfj30mmxbb5bir2jfha3ofcxg%2bfhycevofahreewopur9b3c0m1xksucojwj6e95fge8x60ncblzoic%2bm92goqnxh6uqycmqjhsvvueqvqwq%2bwg9%2flpuqi%2fckytmaztn%2btpthke%2fkwvfn%2baofhspklqpiatabj%2bfnd2wmqjsyaigik5%2fcmtxstmicfmvg7gjrbizsmbqsidy2slgi%2bw7r2kooiafwcgcl1vcxfwihwiiqiyib5cdppyvuieepn0avn3yaxjs5q5buwaxrrh4jafct984pscig4yfwhe36tsv4jgnzquecgwgg%2f1opv9yi%2bsy9atb5hyt%2fujztcqw580o0vuoauo4s%2bbeperbwx8kpceilohbjnguwgeb6j9ybgfkwa23kr%2fuew72ia2%2bufgojzy9wa%2fwtu3hzq3qngupemh0xhpa%3d%3d
Micrófono Shure SV SV200 Dinámico Cardioide color negroS,129900,4.8,228,Recomendado para   voces. | Formato:de mano. | Conector/es de salida:xlr. | Frecuencia mínima: 50Hz. | Siente la libertad y el dinamismo al grabar con tu micrófono de mano. | Incluye: cable xlr. | Frecuencia máxima: 15 kHz.,https://www.mercadolibre.com.co/microfono-shure-sv-sv200-dinamico-cardioide-color-negros/p/mco18302793
Micrófono Shure SV100 vocal dinámico color negro,125000,4.8,184,Recomendado para   instrumentos. | Formato:de mano. | Dispositivos compatibles: mezcladores. | Cable de 4.5m. | Conector/es de salida:xlr. | Frecuencia máxima: 15kHz. | Frecuencia mínima: 50Hz. | Siente la libertad y el dinamismo al grabar con tu micrófono de mano. | Incluye: 1 cable xlr-jack 6.3 mm.,https://www.mercadolibre.com.co/microfono-shure-sv100-vocal-dinamico-color-negro/p/mco22441900
Micrófono Shure MV7+ USB Color Negro,97100,5.0,9,Formato:estudio. | Frecuencia mínima: 50Hz. | Elemento indispensable para tu estudio de grabación. | Fácil conectividad. | Aislamiento de Voz. | Salida para auriculares. | Frecuencia máxima: 16 kHz.,https://www.mercadolibre.com.co/microfono-shure-mv7-usb-color-negro/p/mco37652805
Micrófono Shure SV SV200 Dinámico Cardioide color negroS,129900,4.8,228,Recomendado para   voces. | Formato:de mano. | Conector/es de salida:xlr. | Frecuencia mínima: 50Hz. | Siente la libertad y el dinamismo al grabar con tu micrófono de mano. | Incluye: cable xlr. | Frecuencia máxima: 15 kHz.,https://click1.mercadolibre.com.co/mclics/clicks/external/mco/count?a=nk6g4uf6crvmzdnmliu87lq%2bg8kxah6dmv2okyaaevt%2fqlkqndduf9sch32bjxliettr9bxwkkvqmvzs%2fbmpga8qwfwbnf1xietbs2raxqhj%2foxmw7e9sepxbp%2bdd4nlwilr3mxeurjqcpned9rsdodtzfyrwaxt2jpbjwadgnfs%2fyiou%2b7zgbk5fbg5x7faywqkintrwibqlxvk8ameacnhammqf7bfno5ul1ngycw%2bbktfvfvlpk%2boadg35gcpxoxa7gx4ppril2ro3bjrnng3sm9%2fdhbxpuiu1vamtaiu007x4k0a3fmvy7pvsclwnonicukj1jslk8wpuy69850rkxyfcj2jb0qslwj6zoivhwuuciyxrn6l6eji0atawe4plylqb1jnl8pk%2bs8bu0z%2bksvgalfeuvfbw%2fp0oausinizbqrhjucay%2beaszzfubkjedtk4tx9ckx7amt%2fvjwiykbc16ratxobewtmqa%2fshcbohsogewqrswqk4ttiwe5wbqvdfywtdnx8xuvpqqzspvutkzup1jffshc3xhwrc0qcov2khoknmdneqtw%2bw1dpxamei1%2fss%2be1xigxicpcitye0y4kgvlal64%2b07ld4wek9zolqvg4wfuz1he%2bhbn0l4wgjh5oxv%2fwbpsfyqr3w27qogmdammibllqtxlvjhflotx%2bixventvrvqdnebz5ntnqwmma61xdm742gjpozvjm2yjixnbxuacimjhuylh4h%2b1r5kwgweah7hy9f2hs7%2frqbbni8jhvcegjb0v0m7dkov0h21vbsiz6i2bxxszodni6zrrytemff8mbjcf1%2bj%2fgm5wvuowsqtv8jttkw4cbxbuw0ej0ql4buzbypcvrbpofedaxw6tqw0oy%2frthloz1uyo3wpbuxfqlne%2bh8phorjyz7paiepclywfh7pvmnmcigcosn4rw
Micrófono Shure MV7X Dinámico Cardioide Conector XLR color negro,1355000,5.0,4,"Recomendado para   podcast. | Formato:estudio. | Dispositivos compatibles: interfaces de audio. | Frecuencia mínima: 50Hz. | Elemento indispensable para tu estudio de grabación. | Incluye: 1 antiviento. | Conector XLR únicamente, no incluye cable | Frecuencia máxima: 16 kHz.",https://click1.mercadolibre.com.co/mclics/clicks/external/mco/count?a=m0mj%2ftif5jxntlcsvw7zsiprq1t9zeyuph3o5iw%2bjjhocq13wtps%2bglmll2g2jsdycgyhwu1qeiqmknrqnjkpdpqvrjeb47f%2bbpmnubcjfafvmy5opyemzediqicchw672emaejlsldjqylxjjgqal5mek%2bp2bzeyloxnfqroqgcoqoygfjsli%2fpa2t9caan6eq0bqpfxltpfy1r2wpifyzdworekpf1ekd3glqahnvcgizr%2behomqkirde%2b%2fluur2w1puupch6eyiyjhw0ap3havxz9kewgjqiybyxnh0lbuj93pbemi4zild6qrmlf885dqjw6k1lr6hhjrgdv12paqspqlo3vkqr7bymdx4njia0mc%2bcf5gbmo0cwsycd3oxyj9cw0rj4i31ann8c7x0ggjighlvfxbmizqxnqjbgmqgigqd%2b5nu6%2bs3whcuj28dzz6tx%2ffamqb1%2fylzc34wp106y1uh3yofcnnvv%2fromejr21fqtrtouckhdspxqfk03vuytorjgvb3bofoenustyl1%2bandily8mmgqzu3gbppjdpdhymxclsoklk6v5ebug%2btcthzjwhb49k%2bdaghklqucgdcm94zelw2w%2f50mgcf%2b1gbpqzp%2bxwjcsxdnjf0qppgufdme6yfwyjxpovwmbfvvo79rfft2yb0wou%2brjiag9xtjtzrnxf0d0o1cb%2b0djf6dlcvs195sdr08zkwuobn4of7orjwbeh0inqa%2fcfo3b%2fn34a17mlejmcjzmish1jis1km8vrax%2f%2bbwxu2eqhlzngv5%2bzme7wjfz5qo3amsyaqiantngblbxbzu3akp1o97iukkxz5k8o56v200g5d9wuanwgblrtopl4%2f4gsoljhd3zu1seif%2b027lp42mpq%2fch4zllng6fk5r3eu2oq48hnwyvtr2d5hjygc6r5ceabrmfy6tekv%2bltffkewlq28im
Micrófono Vocal Dinámico Shure Sm7db Con Preamplificador Inc,239300,5.0,5,,https://www.mercadolibre.com.co/microfono-vocal-dinamico-shure-sm7db-con-preamplificador-inc/p/mco28447183
Micrófono Shure SM SM58-LC Dinámico Cardioide color gris oscuro y plateado,625000,4.9,71,Recomendado para   actuaciones. | Formato:de mano. | Conector/es de salida:xlr-3. | Frecuencia mínima: 50Hz. | Siente la libertad y el dinamismo al grabar con tu micrófono de mano. | Incluye: 1 adaptador de soporte. | Frecuencia máxima: 15 kHz.,https://www.mercadolibre.com.co/microfono-shure-sm-sm58-lc-dinamico-cardioide-color-gris-oscuro-y-plateado/p/mco18332604
Micrófono Shure PG Alta PGA48-XLR Dinámico Cardioide color negro/plateadoS,335800,4.8,109,Recomendado para   actuaciones. | Formato:de mano. | Cable de 0cm. | Conector/es de salida:xlr-3. | Frecuencia mínima: 70Hz. | Siente la libertad y el dinamismo al grabar con tu micrófono de mano. | Incluye: adaptador de soporte. | Frecuencia máxima: 15 kHz.,https://www.mercadolibre.com.co/microfono-shure-pg-alta-pga48-xlr-dinamico-cardioide-color-negroplateados/p/mco16209549
"Shure Mv7+-W Micrófono Dinámico Conexión Usb/xlr, White Color Color Blanco",1650000,5.0,3,Recomendado para  doblaje. | Formato:estudio. | Frecuencia mínima: 20Hz. | Elemento indispensable para tu estudio de grabación. | Frecuencia máxima: 20 MHz.,https://www.mercadolibre.com.co/shure-mv7-w-microfono-dinamico-conexion-usbxlr-white-color-color-blanco/p/mco36971907
Mic Vocal Shure Pga48-lc Alámbrico Dinámico,180290,4.8,14,Recomendado para   actuaciones. | Formato:de mano. | Cable de 0cm. | Frecuencia máxima: 15kHz. | Frecuencia mínima: 70Hz. | Siente la libertad y el dinamismo al grabar con tu micrófono de mano.,https://www.mercadolibre.com.co/mic-vocal-shure-pga48-lc-alambrico-dinamico/p/mco21323603
Micrófono Shure SM SM57-LC Dinámico Cardioide color negroS,664200,5.0,28,Recomendado para   instrumentos. | Formato:estudio. | Cable de 2m. | Conector/es de salida:xlr-3. | Frecuencia máxima: 15kHz. | Frecuencia mínima: 40Hz. | Elemento indispensable para tu estudio de grabación. | Incluye: 1 adaptador de soporte.,https://www.mercadolibre.com.co/microfono-shure-sm-sm57-lc-dinamico-cardioide-color-negros/p/mco15160606
Micrófono Shure MV7X Dinámico Cardioide Conector XLR color negro,1355000,5.0,4,"Recomendado para   podcast. | Formato:estudio. | Dispositivos compatibles: interfaces de audio. | Frecuencia mínima: 50Hz. | Elemento indispensable para tu estudio de grabación. | Incluye: 1 antiviento. | Conector XLR únicamente, no incluye cable | Frecuencia máxima: 16 kHz.",https://www.mercadolibre.com.co/microfono-shure-mv7x-dinamico-cardioide-conector-xlr-color-negro/p/mco19569070
Micrófono Shure BLX BLX24/PG58 Dinámico Cardioide color negroS,1789000,4.7,11,,https://www.mercadolibre.com.co/microfono-shure-blx-blx24pg58-dinamico-cardioide-color-negros/p/mco15161674
Micrófono Shure BLX BLX24/SM58 Dinámico Cardioide color negroS,1789000,5.0,8,Recomendado para   voces. | Es inalámbrico. | Formato:de mano. | Cable de 75m. | Conector/es de salida:xlr-3 in. | Frecuencia máxima: 15kHz. | Frecuencia mínima: 50Hz. | Tiene luz LED. | Siente la libertad y el dinamismo al grabar con tu micrófono de mano. | Incluye: fuente.,https://click1.mercadolibre.com.co/mclics/clicks/external/mco/count?a=diqkq0rqqqx7bn0%2fh5m6oshy1zct1d3gqza1y3s9x5fk8hwkky4qo2chveixzqgz%2fli3qcotubo7guifnservfgdu1buqueiauq9kdpdbjauahw9lgank2fkjwtorflcwgruawe%2biwtykdyyqejrcrilpie2yt0omng4nmqd%2bwszqjoqwiuiobaacpkwglj8yenjkkxzylfbtkbgq2shbiumkafm6%2ftsxh4yhwmjnb5nssfhuoytcb8dquc336c5wfhuylonr%2ba8cygkqysytpn%2bxqpqqd5q2iye%2blovyl%2fgq5er8lg13%2f1myd2tlbnd9fsgn5hjksmipprepf6bcaztxapqma6leg5vrtcazwj89bxqbxo17sfwgfzd4qkbzehl33n3lufqfk940xixvvjow9oxgfvgvnpvtumqv4z%2b5c0cfkjcbvugcaxchwq2s%2fufwbzzelifgqmoh8sphbhipkb%2frmihsvjhuijbwseaszzmj6d2kjuwfg5yywgdcp%2brfojzj1dkyha6svsdjaxucq45delzre8anjkdn3wx9gf4zcqv138%2bsnipv1dvlrrflvpt9y8qhedcnz3tpdxjrqzweji0bd7cpazswsztoutzksqxg8lf9pxu7x8yl109fvyzkbfarh7kllt9gaqbtofejn49ar6kqeb%2bq1th3usvcq2vw1t2k5qt%2fwpvzgtjryelgmcwxay8zftth3xxjublul1d%2feagjq6xy4j55gfmzt0lhfpto3jq5d6ghd%2fy1aeiak1j127jtxv3hyiql07hbmbcykowoqjic%2bqhs3vuliqbesokzwm6pozuobdhtzjt5mq%2bjr0vrfy1ubh7qeyaebczzrv97dmnwdoj%2f3mrcooul1ku0jnjwiyrnwrtyub%2f6%2bb8wc4xh6jxajunsuhgcmqwdq9ks9j96tizcw2j%2bf6bg7nloeewkuxm9n4%3d
Micrófono Shure SM SM58-LC Dinámico Cardioide color gris oscuro y plateado,625000,4.9,71,Recomendado para   actuaciones. | Formato:de mano. | Conector/es de salida:xlr-3. | Frecuencia mínima: 50Hz. | Siente la libertad y el dinamismo al grabar con tu micrófono de mano. | Incluye: 1 adaptador de soporte. | Frecuencia máxima: 15 kHz.,https://click1.mercadolibre.com.co/mclics/clicks/external/mco/count?a=chf9k9c2eu%2fb9rvcn6gxognj1%2bzo8n5vq8ryk8ya1piscelqbz9g744dpzgqhhgnvg8u1%2byfy8v%2bsfck7kr3%2ffs30u%2fzyhp%2fviq2gvx2z2g4%2bx37whehoz4cyulthy%2fo%2feh8wtyiawf3w2tkczve38wesvvattmkpddmx0fpefv9r17ncwgxy8l1vrd%2fq64%2fsjgcfod2uxh9ion6zbqa6qpl4uerhxpaqpdai81vgcamd%2bw2kwyrlazuxkqs5zicp50kkdfxysiyicmtetob85t%2fk4qhqbtr7z3ifrv1euffy%2bkwbfzmblorqjyapsgdwcbb0wmwqwtstvuirtex5dxjd123wo5hhu3%2btxcrfyipca2vvyhzoyure%2bbvowx5us%2fnnm1oowzapc%2bso5ts3gieslnknrahgunezba0rs9tjl7wbmpe%2bkuuyad4pqormitnylwqsxqvsorgtnbfzxol3%2b0xylqfxsq3jj76v2vxqlenkkzabnuc3rbsucr6sfpasi0jxgillhjp51%2bagkdytzb7ffzdfhfk11cgmatcqk%2bfzsf%2fx8yiuj%2b2xpemcpat5s8nfh67pqxstpcefqt3jtwmsoidhpdvioiuot1pzxp64qz%2bz1qbrbgbchrx2aye%2fjh0dmxcaivqigzo4dvcn4zcqwoleeea4ctko9jfocsicy5485dglvlp7gicc5lv1vafswduo4vola3lehgnc17bdandstyy9sk%2fhhpazdeikzrni%2badbhosbe5manswt4lzvtykg5wv9uo%2f%2b4iyonjneein1gbx6pio%2fxvccbus%2fjtu%2fuuxv4v2xzg68ofw9l%2fmw%2bzoacwauyzenqu6zvg%2fore98zu5ato68axrverpjjae30diblxftmqewvud%2f6woujbjrwfn0zg6weao%2b7g48swjflklethmk03euxpixj%2fqkyquw2wznaqmz9lrzkvqqobg1gaa360v3tk%3d
Micrófono Shure SM SM7B Dinámico Cardioide color negro,110900,4.9,26,Formato:estudio. | Conector/es de salida:xlr-3. | Frecuencia mínima: 50Hz. | Elemento indispensable para tu estudio de grabación. | Incluye: paravientos grande (a7ws). | Frecuencia máxima: 20 kHz.,https://www.mercadolibre.com.co/microfono-shure-sm-sm7b-dinamico-cardioide-color-negro/p/mco15157110
Micrófono Shure PG Alta PGA58-XLR Dinámico Cardioide color negroS,335800,4.7,46,"Recomendado para   grabaciones,  voces,  actuaciones. | Formato:de mano. | Cable de 4.57m. | Conector/es de salida:xlr. | Frecuencia máxima: 16kHz. | Frecuencia mínima: 50Hz. | Siente la libertad y el dinamismo al grabar con tu micrófono de mano. | Incluye: 1 clip.",https://www.mercadolibre.com.co/microfono-shure-pg-alta-pga58-xlr-dinamico-cardioide-color-negros/p/mco16089544
Micrófono Shure SM35-XLR Condensador CardioideS,199000,4.0,1,Recomendado para   actuaciones. | Formato:vincha. | Cable de 1.5m. | Conector/es de salida:xlr. | Frecuencia máxima: 20kHz. | Frecuencia mínima: 40Hz. | Incluye: cable.,https://www.mercadolibre.com.co/microfono-shure-sm35-xlr-condensador-cardioides/p/mco16222565
Micrófono Shure BLX BLX24/SM58 Dinámico Cardioide color negroS,1789000,5.0,8,Recomendado para   voces. | Es inalámbrico. | Formato:de mano. | Cable de 75m. | Conector/es de salida:xlr-3 in. | Frecuencia máxima: 15kHz. | Frecuencia mínima: 50Hz. | Tiene luz LED. | Siente la libertad y el dinamismo al grabar con tu micrófono de mano. | Incluye: fuente.,https://www.mercadolibre.com.co/microfono-shure-blx-blx24sm58-dinamico-cardioide-color-negros/p/mco15155448
Micrófono Shure Classic Super 55 Dinámico Supercardioide color plateadoS,210000,5.0,9,"Recomendado para   voces. | Formato:estudio. | Cable de 0cm. | Conector/es de salida:xlr. | Frecuencia máxima: 17kHz. | Frecuencia mínima: 60Hz. | Elemento indispensable para tu estudio de grabación. | Incluye: 1 adaptador de 3/8"" a 5/8"".",https://www.mercadolibre.com.co/microfono-shure-classic-super-55-dinamico-supercardioide-color-plateados/p/mco15163125
Micrófono Usb Mv7+-k-bndl Shure,1650000,5.0,5,,https://click1.mercadolibre.com.co/mclics/clicks/external/mco/count?a=y0e4ez%2fze6gnyx7lxfoomzv87khdlohfdrsaspegkgcnu%2bbtozkmxoj2fspensqy6qaofri9bz0fc0hhwuectdfbicytqu2cmjpb2rvxwmwuttisdiwfafx7cogdkx2se%2bm20raiyxlcmieq42x2xjxxt4nnebxdn1e49v8qmefxlbywmosefas9bgylligluekrkfezxmtjhn0ynb0klaaogkbvbten8l2%2bnhmz37irb%2bzjnxnthqv5%2b3wf9o%2bq9488egpokc23akpsrbqvmrbtc4hliobwg3%2f7px5ws%2bgamu54iklynyssa9wbdghlew2dh7lwv97ekq65diixsvrsto%2fqzsb7bbz2pw01c1skbzkmbf8pkdvg4effprxyiomhfr9wxs52sv7htjccrpsko4n1hi5fuyuezmvheikgr5uvmzec0q%2f8c3cnyuoj%2biwe6dngz9ys3sd9yc6xs%2b9kwll9nsw1wuzvfd9d8tex4roafenjv28sf9ljnow1dupiheugvcvp2vh7s9kv5pqg2dbyztdvhnq8xujk0gspky9yeftxds1cct%2ba0n9mwr36s5xazoehlizuenbzc8y62itkqlbya7y%2fcmocgfrepn%2bpumuvtdjqvsgdvp38jtph6g2yv%2bqmunb2wfaphceox4mnolpfxthnfbjijyjffpuktnxfsvcgs%2foppgmqphzl4ozrjocsn%2f7zui4g%2bgrnexc7lhdli%2bqc0%2fjw8juxzlpjagjx9awyivciqza8cdvvybdlfwtzfm7tb6xdiqycfdgqsbmevvmxkh6kftqvkuqemqulhmxsuamtrcqhafpjexctq8lnuu0p9jc%2fj%2fu9dtxha1an9aa11mtqyw8cphzfhf6htlcogrylste1g%2bz9gkcnuuez0hmx9sihst2byiivuq%3d%3d&searchvariation=183152882397
Micrófono Shure Beta Beta 58A alámbrico,697000,4.6,20,Recomendado para   voces. | Formato:de mano. | Cable de 0cm. | Conector/es de salida:xlr. | Frecuencia mínima: 50Hz. | Siente la libertad y el dinamismo al grabar con tu micrófono de mano. | Incluye: adaptador giratorio para pedestal. | Frecuencia máxima: 16 kHz.,https://www.mercadolibre.com.co/microfono-shure-beta-beta-58a-alambrico/p/mco15075061
Micrófono Inalámbrico Shure Blx14/b98-h9 Color Negro,1789000,5.0,3,Recomendado para   actuaciones. | Formato:instrumental. | Conector/es de salida:jack 6.3 mm. | Frecuencia máxima: 20kHz. | Frecuencia mínima: 20Hz. | Incluye: fuente de alimentación.,https://www.mercadolibre.com.co/microfono-inalambrico-shure-blx14b98-h9-color-negro/p/mco19877515
Sm58s Microfono Shure Dinamico Vocal Unidireccional,599000,4.7,3,Recomendado para  ensayo. | Formato:de mano. | Cable de 0cm. | Conector/es de salida:xlr. | Frecuencia máxima: 15kHz. | Frecuencia mínima: 50Hz. | Siente la libertad y el dinamismo al grabar con tu micrófono de mano. | Incluye: bolsa de transporte.,https://www.mercadolibre.com.co/sm58s-microfono-shure-dinamico-vocal-unidireccional/p/mco22931007
Micrófono Shure Beta Beta 52A Dinámico Supercardioide color azul/plateadoS,909150,5.0,2,,https://www.mercadolibre.com.co/microfono-shure-beta-beta-52a-dinamico-supercardioide-color-azulplateados/p/mco16106691
Micrófono Shure Beta 57a Para Voz O Instrumento Cardioide Color Negro,871200,5.0,2,Recomendado para  instrumentos. | Formato:de mano. | Frecuencia mínima: 50Hz. | La mejor calidad para tus transmisiones. | Alta resolución. | Frecuencia máxima: 16 kHz.,https://www.mercadolibre.com.co/microfono-shure-beta-57a-para-voz-o-instrumento-cardioide-color-negro/p/mco28252441
Micrófono Shure Motiv MV51 Condensador Cardioide color plataS,420000,5.0,4,Recomendado para   grabaciones. | Formato:estudio. | Dispositivos compatibles: ipad. | Cable de 1m. | Conector/es de salida:usb. | Frecuencia máxima: 20kHz. | Frecuencia mínima: 20Hz. | Elemento indispensable para tu estudio de grabación.,https://www.mercadolibre.com.co/microfono-shure-motiv-mv51-condensador-cardioide-color-platas/p/mco8053399
Micrófono Dinámico Shure Pga48 Vocal Cardioide Profesional Color Negro,129900,4.8,109,Recomendado para   actuaciones. | Formato:de mano. | Cable de 0cm. | Conector/es de salida:xlr-3. | Frecuencia mínima: 70Hz. | Siente la libertad y el dinamismo al grabar con tu micrófono de mano. | Incluye: adaptador de soporte. | Frecuencia máxima: 15 kHz.,https://www.mercadolibre.com.co/microfono-dinamico-shure-pga48-vocal-cardioide-profesional-color-negro/p/mco24524886
Sistema De Microfono Inalambrico Uhf Transmisor Profesional,130000,4.0,2,,https://articulo.mercadolibre.com.co/mco-2750125888-sistema-de-microfono-inalambrico-uhf-transmisor-profesional-_jm?searchvariation=182305183544
Sistema Inalámbrico Micrófono Instrumento Shure Slxd14/98h Color Negro,199990,5.0,1,,https://www.mercadolibre.com.co/sistema-inalambrico-microfono-instrumento-shure-slxd1498h-color-negro/p/mco28007361
Kit De Micrófono Shure Sm57 + Base Y Cable Proel,664200,5.0,9,,https://articulo.mercadolibre.com.co/mco-984506920-kit-de-microfono-shure-sm57-base-y-cable-proel-_jm?searchvariation=175439908479
Micrófono Usb Mv7+-k-bndl Shure,1650000,5.0,5,,https://articulo.mercadolibre.com.co/mco-1437136611-microfono-usb-mv7-k-bndl-shure-_jm?searchvariation=183152882397
Micrófono Inalámbrico Shure Blx24r/sm58-h9 Rackeable,2272000,5.0,1,,https://articulo.mercadolibre.com.co/mco-619584787-microfono-inalambrico-shure-blx24rsm58-h9-rackeable-_jm?searchvariation=85532345481
Kit Microfono Sv200 Shure + Base Y Abrazadera Proel Lw Ms10,232100,4.8,8,,https://articulo.mercadolibre.com.co/mco-981321217-kit-microfono-sv200-shure-base-y-abrazadera-proel-lw-ms10-_jm?searchvariation=175417603517
Micrófono Shure Mv7 Dinámico Unidireccional Usb/xlr,54990,5.0,1,,https://articulo.mercadolibre.com.co/mco-1433212979-microfono-shure-mv7-dinamico-unidireccional-usbxlr-_jm?searchvariation=180634666888
Kit Microfono Sv100 Shure + Base Y Abrazadera Proel Lw Ms10,211800,5.0,4,,https://articulo.mercadolibre.com.co/mco-980780448-kit-microfono-sv100-shure-base-y-abrazadera-proel-lw-ms10-_jm?searchvariation=175416878578
Micrófono Condensador Para Instrumentos Shure Beta91a,1392000,5.0,1,,https://articulo.mercadolibre.com.co/mco-619584665-microfono-condensador-para-instrumentos-shure-beta91a-_jm?searchvariation=83670850209
Shure Sv100 Micrófono De Mano Para Voces En Vivo / Sv 100,110900,4.0,1,,https://articulo.mercadolibre.com.co/mco-566144175-shure-sv100-microfono-de-mano-para-voces-en-vivo-sv-100-_jm?searchvariation=57845908390
Micrófono De Diadema Mini Plug 3.5 Para  Sennheiser Shure,90000,4.5,2,,https://articulo.mercadolibre.com.co/mco-1936511946-microfono-de-diadema-mini-plug-35-para-sennheiser-shure-_jm?searchvariation=180078928721
Sistema De Microfono Inalambrico Uhf Transmisor Profesional,130000,4.0,2,,https://click1.mercadolibre.com.co/mclics/clicks/external/mco/count?a=fro9apblfrjkrlf2mxdbuw1ayvbzdkrxqkuapxtxbtufsia5usja5up6lynl5fc42jguurriyla8p%2flpa0ukdpc7kxfhsdt3fprb5gbtmymuppj%2bi0eqrxdor1bzk8ayab2n67%2fh3mgmhxcxqlyhlm6zjuryj7hlfbsemxg00i4qpsxhjmrakcvnarlv3fnrwrcpz%2fd5py6wmymmjmletf8g7elqkcsa%2ffg5%2f%2bpfkekg4hsbril%2boy3eivofzuc9rksf3sxlpvrk0dxaqpf5ibc7trmoq41h3jjwt%2fhgzw1%2b%2f9ifsnxv7pjwu0k4ayvsumgmeopd2ldjz%2fis2odorz6kh11eaijvkrbxvnmlgd4moz1iachgago8d%2bop1somc8h%2fls0%2bb7kwpambpgbensgw%2bmyyjttjxlmrvnq%2fliwiesv%2f5vmd47ibi5%2fuzpxxrqgzy67vdhasdvia4ab7kobxl%2bygv0vof3x2f8nxe43te9imxm4shvafgzgab%2fkmzcnc3aqguvrv%2buyvzu%2f6gcifhoqksmrftabfshriih0zh1me5nvyw1q%2fptt2%2ftn2brqqegpo8o3qcztv1jtmeavt8oscvtjonezsf8pdn6%2bfw7bbojlc1t50ahvctr%2fwkunvtov8nmojxl3soxwf6urwftzvcoo85ehrsa2urcx%2fl2e7sla0vljp5izqu9iep5w3%2fsgxq8jl02klowwv9yt52vajlz6xwdtgonwgsq8jbsml%2bgbz9xzo6qxapdaddliyuqh6ed8wosfaxtzigtwz%2fgy7%2ff5nqngvjyx1gwmodrlayjjf0gunawmnkedbtpen20n0gp5fsvpvfhah2whgkqrv1b1pw9a25ordxh079mts93wfozsvkvgt&searchvariation=182305183544
Micrófono Vocal Shure Pga58-xlr Dinámico Cardioide,374200,5.0,5,,https://articulo.mercadolibre.com.co/mco-619584757-microfono-vocal-shure-pga58-xlr-dinamico-cardioide-_jm?searchvariation=83416128802
Kit De 2 Micrófonos Shure Sv200 Vocal Dinámico,294000,5.0,3,,https://articulo.mercadolibre.com.co/mco-1385485926-kit-de-2-microfonos-shure-sv200-vocal-dinamico-_jm?searchvariation=177272649240
"Micrófono De Diadema Shure Sm31fh-tqg, Conector Tqg",565300,4.7,3,,https://articulo.mercadolibre.com.co/mco-619584839-microfono-de-diadema-shure-sm31fh-tqg-conector-tqg-_jm?searchvariation=84775456021
Kit Micrófono Shure Sm58 + Base Y Cable Proel,697000,4.8,6,,https://articulo.mercadolibre.com.co/mco-984519089-kit-microfono-shure-sm58-base-y-cable-proel-_jm?searchvariation=175439818169
Kit Microfono Shure Sm58-lc + Cable Proel Xlr Bulk250lu6,625000,5.0,6,,https://articulo.mercadolibre.com.co/mco-1390895036-kit-microfono-shure-sm58-lc-cable-proel-xlr-bulk250lu6-_jm?searchvariation=177479938823
Micrófono Shure Sm58 Dinámico Cardioide Para Voces,625000,4.9,71,Recomendado para  grabaciones. | Formato:de mano. | Cable de 0cm. | Conector/es de salida:xlr-3. | Frecuencia máxima: 15kHz. | Frecuencia mínima: 50Hz. | Siente la libertad y el dinamismo al grabar con tu micrófono de mano. | Incluye: 1 adaptador de soporte.,https://www.mercadolibre.com.co/microfono-shure-sm58-dinamico-cardioide-para-voces/p/mco23123485
Micrófono Dinámico Para Instrumentos Shure Sm57-lc,547200,5.0,9,,https://articulo.mercadolibre.com.co/mco-619584776-microfono-dinamico-para-instrumentos-shure-sm57-lc-_jm?searchvariation=83592058087
Micrófono Shure PG Alta PGA98H-TQG Condensador CardioideS,772000,5.0,1,Recomendado para  intrumentos viento-metal. | Formato:estudio. | Frecuencia máxima: 20kHz. | Frecuencia mínima: 60Hz. | Elemento indispensable para tu estudio de grabación.,https://www.mercadolibre.com.co/microfono-shure-pg-alta-pga98h-tqg-condensador-cardioides/p/mco7565583
Kit Microfono Sv200 Shure + Base Y Abrazadera Proel Lw Ms10,232100,5.0,1,,https://articulo.mercadolibre.com.co/mco-1998488896-kit-microfono-sv200-shure-base-y-abrazadera-proel-lw-ms10-_jm?searchvariation=179115671906
Micrófono Condensador Con Mic De Pinza Shure Pga98h-xlr,772000,5.0,8,,https://articulo.mercadolibre.com.co/mco-619584780-microfono-condensador-con-mic-de-pinza-shure-pga98h-xlr-_jm?searchvariation=84547437051
Kit De 4 Micrófonos Shure Sv200 Vocal Dinámico,588000,5.0,2,,https://articulo.mercadolibre.com.co/mco-1385575078-kit-de-4-microfonos-shure-sv200-vocal-dinamico-_jm?searchvariation=177272667366
Kit Micrófonos De Batería Shure Dmk57-52 Color Negro,469900,5.0,2,Recomendado para  bateria. | Incluye 4 micrófonos. | Formato:estudio. | Cable de 0cm. | Frecuencia máxima: 15kHz. | Frecuencia mínima: 10Hz. | Elemento indispensable para tu estudio de grabación. | Incluye: 3 monturas de batería.,https://www.mercadolibre.com.co/kit-microfonos-de-bateria-shure-dmk57-52-color-negro/p/mco20653520
Micrófono Vocal Shure Pga58-lc Dinámico Cardioide,335800,4.7,15,,https://articulo.mercadolibre.com.co/mco-619584805-microfono-vocal-shure-pga58-lc-dinamico-cardioide-_jm?searchvariation=85532829158
"Micrófono de mano profesional cardioide Shure Sm58 Lc, color negro",99990,4.9,71,Se recomienda para presentaciones. | Formato: portátil. | Conector (es) de salida: xlr-3. | Frecuencia mínima: 50 Hz. | Incluye: 1 adaptador de soporte. | La mejor calidad para tus transmisiones. | Alta resolución. | Frecuencia máxima: 15 kHz.,https://www.mercadolibre.com.co/microfono-de-mano-profesional-cardioide-shure-sm58-lc-color-negro/p/mco24139522
Micrófono Shure Sv200 Alambrico Sv-200 Original Estudio,152000,4.9,29,,https://articulo.mercadolibre.com.co/mco-563192413-microfono-shure-sv200-alambrico-sv-200-original-estudio-_jm?searchvariation=80929634790
Sistema De Micrófonos Inalámbricos Transmisor Receptor Bomge,124950,4.6,5,,https://articulo.mercadolibre.com.co/mco-1440145283-sistema-de-microfonos-inalambricos-transmisor-receptor-bomge-_jm?searchvariation=180771728556
Micrófono Inalámbrico Shure Blx288/sm58-h9 Receptor Doble,3721000,5.0,1,,https://articulo.mercadolibre.com.co/mco-619584661-microfono-inalambrico-shure-blx288sm58-h9-receptor-doble-_jm?searchvariation=83670404505
Micrófono Vocal Dinámico Shure Sv200,294000,5.0,2,,https://articulo.mercadolibre.com.co/mco-1998463054-microfono-vocal-dinamico-shure-sv200-_jm
Micrófono Shure Motiv MV7 Dinámico Unidireccional color negro,1966000,4.4,7,"Recomendado para   grabaciones. | Formato:de mesa. | Cable de 3m. | Conector/es de salida:3.5 mm. | Frecuencia máxima: 20kHz. | Frecuencia mínima: 20Hz. | Adaptable a cualquier medio donde se lo ubique. | Incluye: 1 cable micro-b a usb-a dato actual del producto: ""1 cable micro-b a usb-c.",https://www.mercadolibre.com.co/microfono-shure-motiv-mv7-dinamico-unidireccional-color-negro/p/mco16255476
